year,month,day
1961,4,1
1962,4,1
1963,4,1
1964,4,2
1965,4,2
1966,3,20
1967,3,30
1968,3,29
1969,4,6
1970,4,7
1971,3,30
1972,3,28
1973,3,31
1974,4,2
1975,3,29
1976,3,22
1977,3,22
1978,3,31
1979,3,23
1980,3,31
1981,3,26
1982,3,23
1983,3,31
1984,4,11
1985,4,3
1986,4,3
1987,3,23
1988,4,2
1989,3,20
1990,3,20
1991,3,30
1992,3,24
1993,3,24
1994,3,31
1995,3,31
1996,3,31
1997,3,21
1998,3,27
1999,3,24
2000,3,30
2001,3,23
2002,3,16
2003,3,27
2004,3,18
2005,3,31
2006,3,21
2007,3,20
2008,3,22
2009,3,21
2010,3,22
2011,3,28
2012,3,31
2013,3,16
2014,3,25
2015,3,23
2016,3,21
2017,3,21
